PH2O;PHe;PCH4;PH2;PN2;PNH3;PO2;PAr;PCO2;PSO2;PK;Type
0;8.7;1.3;87.3;0;2.7;0;0;0;0;0;g
0;0;0;0;0;0;0;0;0;0;0.02;r
0.1;7.1;1.7;86.45;0;1.15;0;0;0;3.5;0;g
0;2.7;0;3.7;41.5;0;31.3;6.6;14.2;0;0;i
0.1;11.4;1.1;86.1;0;0.2;0;0;0;1.1;0;g
0.1;4.9;1.3;93.5;0;0.2;0;0;0;0;0;g
0;0;0;0;0;0;0.01;0;0;0;0.01;r
0;0;0;0;0;0;0.02;0;0;0;0.01;r
0;0;0;0;0;0;0;0;0;0;0.02;r
0.3;9;0.9;88.65;0;1.05;0;0;0;0.1;0;g
0;0.17;0;0.95;63.28;0.37;21;0.23;14;0;0;i
0;0;0;0;0;0;0;0;0;0;0;r
0;0;0;0;0;0;0.02;0;0;0;0.01;r
0;0;0;0;0;0;0;0;0;0;0.02;r
0;6.4;1.7;90.8;0;0.9;0;0;0;0.2;0;g
0;0;0;0;0;0;0.02;0;0;0;0;r
0;0.5;0;14;47.2;0.3;21;2.1;14.9;0;0;i
0;0.15;0;0.29;65.66;0.15;29.6;0.65;3.5;0;0;i
0;0.04;0;0.72;59.3;0.25;24.3;0.59;14.8;0;0;i
0.3;15.7;0.7;82.8;0;0.5;0;0;0;0;0;g
0.3;13;1;83.4;0;2.3;0;0;0;0;0;g
0;0;0;0;0;0;0.01;0;0;0;0.01;r
0;18.3;1.3;77.7;0;2.7;0;0;0;0;0;g
0;0;0;0;0;0;0;0;0;0;0.02;r
0.1;15.8;0.8;79.3;0;1.5;0;0;0;2.5;0;g
0;0;0;0;0;0;0.01;0;0;0;0;r
0;0;0;0;0;0;0;0;0;0;0;r
0;17.3;1.1;79.9;0;1.7;0;0;0;0;0;g
0;0.02;0;0.17;75.95;0.06;13.5;0;10.3;0;0;i
0;0;0;0;0;0;0.01;0;0;0;0.01;r
0;0;0;0;0;0;0;0;0;0;0;r
0;0;0;0;4.7;0.3;1.4;0;93.6;0;0;d
0;0;0;0;0;0;0;0;0;0;0.01;r
0;0;0;0;0;0;0;0;0;0;0.01;r
0;0.02;0;0.05;68.46;0.02;28.6;0.05;2.8;0;0;i
0;0;0;0;0;0;0.01;0;0;0;0.01;r
0;0;0;0;0;0;0.01;0;0;0;0.02;r
0;0;0;0;0.8;0.4;0;0;98.8;0;0;d
0;0.05;0;0.83;64.15;0.29;21.1;0.28;13.3;0;0;i
0;0;0;0;0;0;0.02;0;0;0;0.02;r
0;0;0;0;0;0;0;0;0;0;0.01;r
0;0;0;0;0;0;0;0;0;0;0.01;r
0.2;22;0.5;75.9;0;1.4;0;0;0;0;0;g
0.1;7.4;0.6;88.2;0;0.3;0;0;0;3.4;0;g
0;1.28;0;15.78;59.65;0.1;7.8;1.39;14;0;0;i
0;0;3;0;0.2;0;0;1.4;95.4;0;0;d
0;0;0;0;0;0;0;0;0;0;0.01;r
0.3;18.9;1;79.2;0;0.6;0;0;0;0;0;g
0.3;7.1;1.5;90.6;0;0.1;0;0;0;0.4;0;g
0;4.7;0.8;91.6;0;0.5;0;0;0;2.4;0;g
0;0;0;0;0;0;0;0;0;0;0.01;r
0;2.7;0;6.5;46.6;0.3;28.5;3.2;12.2;0;0;i
0;0;0;0;0;0;0;0;0;0;0.01;r
0;0;0;0;1.4;0.5;0;0;98.1;0;0;d
0;17.3;1.7;79;0;2;0;0;0;0;0;g
0;0;0;0;2.3;0.5;0;1.34;95.86;0;0;d
0;0.02;0;0.09;61.69;0.04;23;0.06;15.1;0;0;i
0;0;0;0;0;0;0;0;0;0;0;r
0.3;17.2;1.3;79.3;0;1.9;0;0;0;0;0;g
0;0;0;0;0;0;0.02;0;0;0;0.01;r
0;0.8;0;26.6;55.4;0.4;8.4;5.7;2.7;0;0;i
0;0;0;0;0;0;0.02;0;0;0;0.01;r
0.2;11.5;0.4;85.3;0;0.6;0;0;0;2;0;g
0;0.6;0;27.5;45;0.4;7.5;9.7;9.3;0;0;i
0.1;9.6;1.5;88.5;0;0.3;0;0;0;0;0;g
0;0;0;0;0;0;0.01;0;0;0;0.01;r
0;0.04;0;0.32;72.05;0.12;24.5;0.27;2.7;0;0;i
0.1;13.9;1.3;83.7;0;1;0;0;0;0;0;g
0;0;0;0;0;0;0;0;0;0;0.01;r
0;0;0;0;0;0;0.01;0;0;0;0.01;r
0;0;0;0;0.4;0;0;0;99.6;0;0;d
0.2;18.6;0.6;79.75;0;0.25;0;0;0;0.6;0;g
0.3;9.1;1.4;88.5;0;0.7;0;0;0;0;0;g
0;0;0;0;1.7;0.3;0.4;2.6;95;0;0;d
0;0;0;0;1;0.1;0.5;0;98.4;0;0;d
0.1;18.1;2;78.15;0;0.55;0;0;0;1.1;0;g
0;0;0;0;0;0;0.01;0;0;0;0.01;r
0.2;8.9;0.8;88.9;0;1.2;0;0;0;0;0;g
0;0;0;0;3.7;0;0.4;1.8;94.1;0;0;d
0;0;0;0;0;0;0.02;0;0;0;0.01;r
0;0.5;0;18.2;49;0.1;16.8;9.6;5.8;0;0;i
0;0.06;0;0.64;68.39;0.23;20.9;0.08;9.7;0;0;i
0;0;0;0;0;0;0.02;0;0;0;0;r
0;0;0;0;0;0;0;0;0;0;0.01;r
0;0;0;0;0;0;0;0;0;0;0.02;r
0;14.5;0.9;83.3;0;1.3;0;0;0;0;0;g
0;0.01;0;0.12;63.08;0.04;19.4;0.05;17.3;0;0;i
0;0;0;0;0;0;0;0;0;0;0.02;r
0;0;0;0;0;0;0;0;0;0;0.02;r
0;0;0;0;0;0;0;0;0;0;0;r
0;9.8;0.9;87.9;0;0.3;0;0;0;1.1;0;g
0;0;0;0;0;0;0.02;0;0;0;0.01;r
0;0;0;0;0;0;0.01;0;0;0;0.01;r
0;0;0;0;0;0;0;0;0;0;0.01;r
0.2;10.7;0.9;86.1;0;2.1;0;0;0;0;0;g
0;0.07;0;1.55;83.97;0.54;5.5;0.17;8.2;0;0;i
0.3;9.6;0.8;88.5;0;0.8;0;0;0;0;0;g
0;5.5;0.3;92.3;0;1.9;0;0;0;0;0;g
0;0;0;0;0;0;0.01;0;0;0;0.02;r
0.1;10.3;1.5;86.9;0;0.5;0;0;0;0.7;0;g
0;0;0;0;0;0;0;0;0;0;0.01;r
0;0;0;0;0;0;0;0;0;0;0.02;r
0;1;0;28.4;52.2;0.5;6.6;5.3;6;0;0;i
0;1.4;0;17.78;57.43;0;12.2;1.79;9.4;0;0;i
0;0.92;0;3.23;60.45;0.1;25.5;3.2;6.6;0;0;i
0;0.11;0;0.28;58.76;0.13;27.6;0.22;12.9;0;0;i
0.2;5.5;0.4;91.2;0;0.6;0;0;0;2.1;0;g
0;0;0;0;0;0;0;0;0;0;0.01;r
0;0;0;0;1;0.2;0;0;98.8;0;0;d
0;0;0;0;0;0;0;0;0;0;0;r
0.3;7.9;1.9;85.5;0;0.6;0;0;0;3.8;0;g
0;0;0;0;0;0;0;0;0;0;0.01;r
0;0;0;0;0;0;0;0;0;0;0;r
0;0;0;0;0;0;0.02;0;0;0;0;r
0;0.8;0;9.8;44.1;0;25.2;1.3;18.8;0;0;i
0;0;0;0;0;0;0.01;0;0;0;0.01;r
0.2;8.2;1.6;89.4;0;0.6;0;0;0;0;0;g
0.2;6;0.9;92.15;0;0.55;0;0;0;0.2;0;g
0;0;0;0;5;0;0.6;0;94.4;0;0;d
0;0;0;0;0;0;0;0;0;0;0.01;r
0;0;0;0;0;0;0.01;0;0;0;0.01;r
0;0;0;0;0;0;0.01;0;0;0;0.02;r
0;0;0;0;0.7;0;0;0.36;98.94;0;0;d
0;0;0;0;2.4;0.1;0;1.4;96.1;0;0;d
0;0;0;0;0;0;0.01;0;0;0;0.01;r
0;0;0;0;2.9;0;0;1.8;95.3;0;0;d
0;0;0;0;0;0;0;0;0;0;0;r
0;0;0;0;0;0;0;0;0;0;0.02;r
0;0.14;0;0.74;66.96;0.29;22.7;0.07;9.1;0;0;i
0;0;0;0;0;0;0.01;0;0;0;0.01;r
0;0;0;0;0;0;0;0;0;0;0;r
0.2;11.7;0.5;86.75;0;0.05;0;0;0;0.8;0;g
0;0;0;0;0;0;0.01;0;0;0;0.02;r
0.1;8.9;1.8;86.5;0;2.7;0;0;0;0;0;g
0.3;17.9;1.8;79.8;0;0.2;0;0;0;0;0;g
0;0;0;0;0;0;0;0;0;0;0.01;r
0.3;19.7;1.6;76.9;0;1.5;0;0;0;0;0;g
0;0.02;0;0.03;51.43;0.02;30.6;0.1;17.8;0;0;i
0;0;0;0;0.3;0;0.9;0;98.8;0;0;d
0;0;0;0;0;0;0;0;0;0;0;r
0.2;6.1;1.4;91.9;0;0.4;0;0;0;0;0;g
0;1;0;17.8;53.1;0.4;17.2;3.7;6.8;0;0;i
0.1;9.2;0.4;88.1;0;2.2;0;0;0;0;0;g
0.1;18.5;1.2;80.1;0;0.1;0;0;0;0;0;g
0.2;12;1;85.1;0;0.4;0;0;0;1.3;0;g
0.1;15.9;1.1;78.4;0;0.5;0;0;0;4;0;g
0;0;0;0;0;0;0.02;0;0;0;0;r
0;0;0;0;0;0;0;0;0;0;0;r
0;0;0;0;3.4;0.2;0.2;0;96.2;0;0;d
0;0;0;0;0;0;0.01;0;0;0;0;r
0;0;0;0;0;0;0.01;0;0;0;0;r
0;0;0;0;3.4;0;1.4;0.1;95.1;0;0;d
0;0;0;0;0;0;0;0;0;0;0;r
0;21.9;1.2;75.4;0;1.5;0;0;0;0;0;g
0;14.5;1.1;81.7;0;0.3;0;0;0;2.4;0;g
0;0;0;0;3;0;0;0;97;0;0;d
0;0;0;0;0;0;0;0;0;0;0.01;r
0;0;0;0;0;0;0.01;0;0;0;0;r
0;0;0;0;3.6;0.3;0.4;0.11;95.59;0;0;d
0;0;0;0;0;0;0;0;0;0;0.02;r
0;0;0;0;3.2;0;0;0.26;96.54;0;0;d
0.3;13.7;1.4;83.65;0;0.65;0;0;0;0.3;0;g
0.1;5.4;1.3;92.85;0;0.05;0;0;0;0.3;0;g
0;0;0;0;0;0;0;0;0;0;0.01;r
0;0;0;0;4.3;0.4;0;0.46;94.84;0;0;d
0;16.9;0.9;79;0;1;0;0;0;2.2;0;g
0;0;0;0;3.1;0;0;0;96.9;0;0;d
0;0;0;0;74;0;24.9;0;1.1;0;0;i
0;2.2;0;14.2;39.7;0.3;20.8;6.1;16.7;0;0;i
0;0;0;0;0.9;0.3;0;0.29;98.51;0;0;d
0;0;0;0;0;0;0;0;0;0;0.02;r
0;0;0;0;0;0;0;0;0;0;0.01;r
0;0;0;0;0;0;0.02;0;0;0;0.02;r
0;0;0;0;0;0;0;0;0;0;0.02;r
0.3;14;0.4;82.8;0;2.5;0;0;0;0;0;g
0;0;0;0;0.9;0.5;0.9;2.2;95.5;0;0;d
0.2;6.5;2;89.6;0;1.7;0;0;0;0;0;g
0;0;0;0;0;0;0;0;0;0;0.01;r
0;0;0;0;0;0;0;0;0;0;0;r
0;0;0;0;0;0;0.01;0;0;0;0.02;r
0.1;9.3;1.1;84.8;0;1;0;0;0;3.7;0;g
0.4;0;0;0;3.1;0.1;0;1.1;95.3;0;0;d
0;0.08;0;0.92;72.77;0.34;10.5;0.09;15.3;0;0;i
0;0;0;0;0;0;0.01;0;0;0;0.02;r
0;0;0;0;3.6;0.4;1.5;0;94.5;0;0;d
0;0;0;0;0;0;0.02;0;0;0;0.01;r
0.1;13.9;1.3;81.9;0;2.8;0;0;0;0;0;g
0;0;0;0;3.3;0.4;0.1;0.81;95.39;0;0;d
0;4.5;1.8;92.6;0;1.1;0;0;0;0;0;g
0;4;1.2;92.15;0;0.05;0;0;0;2.6;0;g
0;0;0;0;1.5;0;0.5;0.48;97.52;0;0;d
0;0;0;0;0;0;0.01;0;0;0;0.01;r
0;0;0;0;4.8;0.5;0;0;94.7;0;0;d
0.2;6;0.5;92.9;0;0.4;0;0;0;0;0;g
0;0;0;0;0;0;0.01;0;0;0;0.02;r
0;0;0;0;0;0;0;0;0;0;0.01;r
0;0;0;0;0;0;0;0;0;0;0.01;r
0;0;0;0;0;0;0.01;0;0;0;0;r
0.2;19.2;0.1;79;0;1.5;0;0;0;0;0;g
0;0;0;0;0;0;0;0;0;0;0.01;r
0.3;7.7;1;88.65;0;0.15;0;0;0;2.2;0;g
0;0;0;0;0;0;0.01;0;0;0;0.01;r
0;0;0;0;1;0;0;0;99;0;0;d
0.2;17.3;1.2;77;0;0.7;0;0;0;3.6;0;g
0;0;0;0;0;0;0.01;0;0;0;0.02;r
0.2;11.7;0.7;83.35;0;0.45;0;0;0;3.6;0;g
0;0;0;0;0;0;0.01;0;0;0;0.01;r
0;1.9;0;26.9;45.2;0;8.1;9.6;8.3;0;0;i
0;0;0;0;0;0;0.01;0;0;0;0.02;r
0.1;12.8;0.2;81.95;0;1.35;0;0;0;3.6;0;g
0.2;11.2;0.2;84.05;0;0.35;0;0;0;4;0;g
0;0;0;0;0;0;0.02;0;0;0;0.01;r
0.2;17.2;1.7;76.25;0;1.05;0;0;0;3.6;0;g
0;0;3;0;4.4;0.5;1.5;0;90.6;0;0;d
0;0;0;0;0;0;0.01;0;0;0;0;r
0;0.06;0;0.89;65.99;0.32;18;0.24;14.5;0;0;i
0;0;0;0;0;0;0;0;0;0;0;r
0.2;9.6;0.8;87.4;0;0.5;0;0;0;1.5;0;g
0;0;0;0;0;0;0.02;0;0;0;0;r
0;19.6;0.3;77.6;0;2.5;0;0;0;0;0;g
0;0;0;0;0;0;0;0;0;0;0.02;r
0;0;0;0;0;0;0.02;0;0;0;0.01;r
0;0;0;0;0;0;0;0;0;0;0;r
0;0;0;0;0;0;0.02;0;0;0;0;r
0.1;20.3;0.6;78.5;0;0.5;0;0;0;0;0;g
0;0;0;0;0;0;0.01;0;0;0;0.01;r
0;0;0;0;0;0;0.01;0;0;0;0.02;r
0;0;0;0;0;0;0;0;0;0;0.01;r
0.3;16.8;0.6;81;0;1.3;0;0;0;0;0;g
0;0;0;0;0;0;0.01;0;0;0;0.01;r
0;15;1;81.2;0;2.8;0;0;0;0;0;g
0;0;0;0;0.6;0.4;0;0.5;98.5;0;0;d
0;0.02;0;1.1;80.41;0.38;5.6;0.19;12.3;0;0;i
0;0;0;0;0;0;0.02;0;0;0;0;r
0.2;17.4;0.4;80.2;0;1.8;0;0;0;0;0;g
0;0;0;0;0;0;0;0;0;0;0.02;r
0;0;0;0;1.9;0;1.3;1.2;95.6;0;0;d
0;0;0;0;3.1;0;1.3;0;95.6;0;0;d
0;0;0;0;0;0;0;0;0;0;0.01;r
0;6.2;0.6;90.9;0;0.9;0;0;0;1.4;0;g
0;0;0;0;0;0;0.01;0;0;0;0.01;r
0;0;0;0;0;0;0;0;0;0;0.01;r
0.2;11.2;0.4;86;0;2.2;0;0;0;0;0;g
0;0;0;0;0;0;0.01;0;0;0;0.01;r
0;0;0;0;0;0;0;0;0;0;0.02;r
0;0;0;0;2.6;0.3;0.2;2.8;94.1;0;0;d
0;0;0;0;0;0;0.01;0;0;0;0;r
0;0;0;0;0;0;0.01;0;0;0;0.01;r
0;0;2.6;0;2.4;0;1.4;0;93.6;0;0;d
0.3;10.1;1.4;85.7;0;2.5;0;0;0;0;0;g
0.1;13.9;1;82.4;0;2.6;0;0;0;0;0;g
0;0;0;0;3.1;0;1.5;1.7;93.7;0;0;d
0;0;0;0;2.5;0.2;0.6;0.18;96.52;0;0;d
0;0;0;0;0;0;0.01;0;0;0;0.02;r
2.3;0;0.4;0;17.2;0;0.3;0;31.9;47.36;0.54;l
0;0;0;0;0;0;0;0;0;0;0.01;r
0;0;0;0;0;0;0.02;0;0;0;0.01;r
0;0;0;0;0;0;0;0;0;0;0;r
0.3;9.1;0.6;86.75;0;0.25;0;0;0;3;0;g
0;0;0;0;0;0;0.01;0;0;0;0;r
0;0;0;0;0;0;0;0;0;0;0;r
0;0;0;0;0;0;0;0;0;0;0.01;r
0;2.5;0;23.3;48.1;0;11.7;0.8;13.6;0;0;i
0;0;0;0;0;0;0;0;0;0;0;r
0;0.7;0;22.6;52.7;0.2;12.4;4.5;6.9;0;0;i
0;0.17;0;0.94;73.48;0.37;19.4;0.34;5.3;0;0;i
0;0;0;0;0;0;0.02;0;0;0;0.01;r
0.3;10.6;1.7;86.9;0;0.5;0;0;0;0;0;g
0;0;0;0;0;0;0;0;0;0;0;r
0;0;0;0;0;0;0.01;0;0;0;0.01;r
0.1;9.6;0.9;89;0;0.4;0;0;0;0;0;g
0.2;11.5;0.9;87.2;0;0.2;0;0;0;0;0;g
0;0;0;0;0;0;0.01;0;0;0;0.01;r
0.1;16.1;1.4;78.25;0;0.65;0;0;0;3.5;0;g
0.1;6.5;1.1;89.15;0;0.75;0;0;0;2.4;0;g
0;0;0;0;0;0;0.01;0;0;0;0;r
0;0;0;0;0;0;0;0;0;0;0.01;r
0.3;21.1;1.3;76.5;0;0.8;0;0;0;0;0;g
0;0;0;0;0;0;0;0;0;0;0.02;r
0;4.3;0.5;92.55;0;1.25;0;0;0;1.4;0;g
0;0;0;0;0;0;0;0;0;0;0;r
0;0;0;0;0;0;0;0;0;0;0;r
0;0.03;0;0.38;82.39;0.14;9.9;0.06;7.1;0;0;i
0;0.01;0;0.47;77.99;0.16;3.8;0.17;17.4;0;0;i
0;0;0;0;0;0;0;0;0;0;0;r
0;0;0;0;0;0;0.01;0;0;0;0.02;r
0;0;0;0;0;0;0;0;0;0;0;r
0;0;0;0;0;0;0.01;0;0;0;0.01;r
0.3;4.1;1.9;92.95;0;0.35;0;0;0;0.4;0;g
0;9.7;1.6;86.25;0;0.85;0;0;0;1.6;0;g
0;0;0;0;0;0;0;0;0;0;0.02;r
0.2;6.9;1.4;86.25;0;1.25;0;0;0;4;0;g
0;2.7;0;16.4;57.7;0.5;18.6;0.4;3.7;0;0;i
0;18.2;1.4;77.6;0;2.8;0;0;0;0;0;g
0;0;0;0;0;0;0;0;0;0;0.02;r
0;0;0;0;0;0;0.01;0;0;0;0.01;r
0;0;0;0;0;0;0.01;0;0;0;0.02;r
0;0;0;0;1.9;0;0;0;98.1;0;0;d
0;0;0;0;0;0;0;0;0;0;0;r
0;7;0.7;89.5;0;0.3;0;0;0;2.5;0;g
0;1.74;0;12.64;53.5;0.5;13.2;2.32;16.1;0;0;i
0.2;14.9;1;82.8;0;1.1;0;0;0;0;0;g
0;0;0;0;0;0;0.01;0;0;0;0.01;r
0;0;0;0;0;0;0;0;0;0;0;r
0;0;0;0;0;0;0.01;0;0;0;0.01;r
0;0;0;0;0;0;0;0;0;0;0;r
0;0;0;0;4.3;0;0;0;95.7;0;0;d
0;0;0;0;0;0;0.01;0;0;0;0.01;r
0.3;19.7;0.6;76.8;0;2.6;0;0;0;0;0;g
0;0.9;0;12.6;51.6;0.4;22.4;3.4;8.7;0;0;i
0;7.8;0.9;87.3;0;1.3;0;0;0;2.7;0;g
0;0;0;0;2.3;0;0;0;97.7;0;0;d
0.2;16.1;0.3;81.8;0;1.6;0;0;0;0;0;g
0;0;0;0;3.2;0;0.3;0;96.5;0;0;d
0;0;0;0;3.7;0.3;0;0.88;95.12;0;0;d
0;0;0;0;0;0;0.01;0;0;0;0.02;r
0;0;2.1;0;4.7;0;1;2.7;89.5;0;0;d
0.3;14.4;0.6;84.35;0;0.15;0;0;0;0.2;0;g
0.2;9.2;0.3;88.85;0;1.05;0;0;0;0.4;0;g
0.2;5.1;1.9;92.2;0;0.6;0;0;0;0;0;g
0;0;0;0;0;0;0.02;0;0;0;0.01;r
0;0;0;0;0.8;0.4;1.2;0.05;97.55;0;0;d
0;0;0;0;0;0;0;0;0;0;0.01;r
0;0;0;0;0;0;0;0;0;0;0;r
0;0;0;0;0;0;0;0;0;0;0;r
0;0;0;0;0;0;0;0;0;0;0.01;r
0;0;0;0;0;0;0;0;0;0;0.02;r
0.2;5;0.8;93.6;0;0.4;0;0;0;0;0;g
0;0;0;0;0;0;0;0;0;0;0.02;r
0;0;0;0;4.6;0.1;1.4;0.75;93.15;0;0;d
0;0;0;0;0;0;0;0;0;0;0.02;r
0;0;0;0;0;0;0;0;0;0;0.02;r
0;0;0;0;0;0;0;0;0;0;0;r
0.1;11.2;0.7;86.3;0;1.7;0;0;0;0;0;g
0;0;0;0;0;0;0.01;0;0;0;0.02;r
0;0;0;0;0;0;0.02;0;0;0;0;r
0;2.2;0;25.5;56.5;0.4;9.5;4.5;1.4;0;0;i
0;0;0;0;0;0;0;0;0;0;0.02;r
0;0;0;0;0;0;0.01;0;0;0;0.02;r
0;11.7;1.9;83.05;0;0.45;0;0;0;2.9;0;g
0;0;0;0;3.8;0.3;1.2;0;94.7;0;0;d
0.3;9.2;0.1;86.6;0;0.2;0;0;0;3.6;0;g
0;0;0;0;0;0;0;0;0;0;0.01;r
0;0;0;0;4.5;0.4;0;0;95.1;0;0;d
0;0;3.5;0;3.4;0;0.8;1.4;90.9;0;0;d
0;0;0;0;0;0;0;0;0;0;0.02;r
0;0;0.8;0;3.2;0;0;1.7;94.3;0;0;d
0;0;0;0;0;0;0.01;0;0;0;0;r
0;0;0;0;0;0;0;0;0;0;0;r
0;1.9;0;6.3;43.1;0.2;28.7;6.5;13.3;0;0;i
0;0;0;0;2.8;0;0;0;97.2;0;0;d
0;16.5;1.2;81.7;0;0.6;0;0;0;0;0;g
0;0;0;0;0;0;0;0;0;0;0.01;r
0;0;0;0;3.8;0.4;1.3;1.1;93.4;0;0;d
0;0;0;0;0;0;0;0;0;0;0.02;r
0;0;0;0;1;0.5;0.8;2.3;95.4;0;0;d
0;0;0;0;4.2;0.3;0;0;95.5;0;0;d
0;2.3;0;8.6;38.9;0.4;26.4;9.9;13.5;0;0;i
0;0;0;0;0.5;0;1.2;0;98.3;0;0;d
0;5.5;1.7;91.15;0;0.25;0;0;0;1.4;0;g
0;0;0;0;0;0;0;0;0;0;0;r
0;0.39;0;1.56;52.41;0.1;28.2;1.24;16.1;0;0;i
0;0;0;0;0;0;0;0;0;0;0.01;r
0;0;0;0;0;0;0;0;0;0;0;r
0;0;0;0;0;0;0.01;0;0;0;0.01;r
0;0;0;0;2.4;0;0;1.8;95.8;0;0;d
0;0;0;0;0;0;0;0;0;0;0.01;r
0;0;0;0;1;0.1;0;2;96.9;0;0;d
0;0;0;0;0;0;0;0;0;0;0.01;r
0;14;1.2;83.6;0;1.2;0;0;0;0;0;g
0.3;11.6;1.1;85.75;0;0.65;0;0;0;0.6;0;g
0;0;0;0;2.2;0;0;0;97.8;0;0;d
0;0;0;0;0.2;0;0.7;0;99.1;0;0;d
0;0;0;0;0.7;0.5;0.8;0;98;0;0;d
0;0;0;0;0;0;0.01;0;0;0;0.01;r
0;8.9;1.5;88.3;0;1.3;0;0;0;0;0;g
0;0;0;0;0;0;0.01;0;0;0;0;r
0;0;0;0;0;0;0.02;0;0;0;0.01;r
0.2;13.3;1.2;85;0;0.3;0;0;0;0;0;g
0;0;0;0;0;0;0.01;0;0;0;0.01;r
0;0.09;0;2.69;74.2;0.4;8.1;0.72;13.8;0;0;i
0;0.05;0;0.44;77.03;0.16;20.2;0.22;1.9;0;0;i
0;9;1.6;86.4;0;0.9;0;0;0;2.1;0;g
0;8;1.9;87.7;0;2.4;0;0;0;0;0;g
0;0;0;0;0;0;0.01;0;0;0;0.02;r
0;0.08;0;1.34;75.81;0.47;5.4;0.4;16.5;0;0;i
0;0;0;0;2.6;0;1.4;0;96;0;0;d
0.1;22.2;1.5;73.8;0;2.4;0;0;0;0;0;g
0;0;0;0;0;0;0;0;0;0;0;r
0;0;0;0;0;0;0;0;0;0;0;r
0;0;0;0;4.5;0;0;0.1;95.4;0;0;d
0.2;5.8;1.5;88.65;0;0.95;0;0;0;2.9;0;g
0;0;0;0;0;0;0;0;0;0;0.01;r
0;0;0;0;0;0;0;0;0;0;0;r
0;0;0;0;0;0;0;0;0;0;0;r
0.3;10.8;0.4;86;0;0.1;0;0;0;2.4;0;g
0;0;0;0;0;0;0.01;0;0;0;0;r
0;0;0;0;0;0;0;0;0;0;0;r
0;10.4;0.5;87.7;0;1.4;0;0;0;0;0;g
0;0;0;0;0;0;0.02;0;0;0;0.02;r
0;2.5;0;14;40.2;0.5;21;6.2;15.6;0;0;i
0;0.02;0;0.02;60.9;0.01;33.3;0.15;5.6;0;0;i
0;0;0;0;0.7;0.5;0.6;0;98.2;0;0;d
0;0.14;0;0.9;79.26;0.35;15;0.35;4;0;0;i
0;0.06;0;1.12;71.99;0.39;13.7;0.14;12.6;0;0;i
0;0;0;0;0.3;0.3;1.2;0;98.2;0;0;d
0;2.6;0;31.7;53.5;0.3;3.3;1.2;7.4;0;0;i
0;0;0;0;0;0;0.02;0;0;0;0.02;r
0;0;0;0;0;0;0.01;0;0;0;0;r
0;5.7;1;92.7;0;0.6;0;0;0;0;0;g
0;0;0;0;0;0;0.01;0;0;0;0.02;r
0;0;0;0;0;0;0.02;0;0;0;0.01;r
0;0;0;0;0;0;0.01;0;0;0;0.02;r
0;0.73;0;1.4;66.05;0.5;29.6;1.12;0.6;0;0;i
0;0;0;0;2.4;0;1;0;96.6;0;0;d
0;1.1;0;14;58.8;0.4;21;1.5;3.2;0;0;i
0;0;0;0;0;0;0;0;0;0;0.01;r
0;0.7;0;6.4;37.5;0.3;28.6;8.7;17.8;0;0;i
0;0;0;0;0;0;0;0;0;0;0;r
0;0;0;0;0;0;0.01;0;0;0;0;r
0;7.5;0.5;90.65;0;1.15;0;0;0;0.2;0;g
0;0;0;0;0;0;0;0;0;0;0;r
0;0.08;0;0.77;77.01;0.28;18;0.36;3.5;0;0;i
0;0;0;0;0;0;0;0;0;0;0.01;r
0;0;0;0;0;0;0.02;0;0;0;0.01;r
0;0;0;0;0;0;0;0;0;0;0;r
0;0;0;0;0;0;0;0;0;0;0.01;r
0;0;0;0;0;0;0;0;0;0;0;r
0;0;0;0;0;0;0.01;0;0;0;0.02;r
0;0;0;0;0;0;0;0;0;0;0.02;r
0;0;0;0;0;0;0;0;0;0;0.01;r
0;0;0;0;0;0;0.01;0;0;0;0.01;r
0.1;12.9;1.8;84.2;0;1;0;0;0;0;0;g
0;0;0;0;2.4;0.2;0.3;0;97.1;0;0;d
0;0;0;0;0;0;0.02;0;0;0;0.01;r
0;20.3;1.3;75.6;0;2.8;0;0;0;0;0;g
0;0;0;0;0;0;0;0;0;0;0.02;r
0.3;12.4;1.8;83.85;0;0.75;0;0;0;0.9;0;g
0;0;0;0;0;0;0;0;0;0;0;r
0;0;0;0;0;0;0.02;0;0;0;0.02;r
0.2;13.8;0.2;83.1;0;2.7;0;0;0;0;0;g
0;0;0;0;0;0;0.02;0;0;0;0.02;r
0;1.9;0;15.9;41.1;0.5;19.1;8.6;12.9;0;0;i
0.1;8.2;1.5;87.75;0;0.45;0;0;0;2;0;g
0.3;0;1.7;0;18.2;0;0.8;0;20.7;58.2;0.1;l
0;0;0;0;0;0;0.01;0;0;0;0;r
0;0;0;0;4.4;0.4;0.7;0.21;94.29;0;0;d
0;0.13;0;1.04;74.11;0.39;19.6;0.33;4.4;0;0;i
0;0;0;0;0;0;0.01;0;0;0;0.01;r
0.3;18.4;1.7;77.9;0;1.7;0;0;0;0;0;g
0.2;5;1.6;91.2;0;2;0;0;0;0;0;g
0.1;10.4;1.5;85.05;0;1.05;0;0;0;1.9;0;g
0;0;0;0;3.6;0;0;1.89;94.51;0;0;d
0;0;0;0;0;0;0;0;0;0;0.01;r
0;0;0;0;0;0;0;0;0;0;0.01;r
0;0;0;0;0;0;0.02;0;0;0;0.01;r
0;0;0;0;0;0;0.01;0;0;0;0.01;r
0;0;0;0;0;0;0.02;0;0;0;0.01;r
0;10.6;0.3;86;0;0.9;0;0;0;2.2;0;g
0;4.3;0.7;93;0;0.9;0;0;0;1.1;0;g
4.1;0;3;0;7.7;0;1.4;0;15.6;67.78;0.42;l
0;0;0;0;0;0;0;0;0;0;0.01;r
0;0;0;0;4.7;0.5;0;0.24;94.56;0;0;d
0;5.4;2;92.2;0;0.4;0;0;0;0;0;g
0;0;0;0;0;0;0;0;0;0;0;r
0;1.3;0;14.7;43.8;0.2;20.3;0.5;19.2;0;0;i
0;0;0;0;0;0;0;0;0;0;0.02;r
0;0;0;0;0;0;0.02;0;0;0;0.01;r
0.3;5.9;1.9;87.5;0;0.7;0;0;0;3.7;0;g
0;0;1.4;0;1.2;0;0;0.4;97;0;0;d
0;0;0;0;0;0;0;0;0;0;0.01;r
0;0;0;0;0;0;0.01;0;0;0;0.01;r
0;8.2;1.8;87.4;0;0.9;0;0;0;1.7;0;g
0;0;0;0;0;0;0.01;0;0;0;0.01;r
0;0;0;0;0;0;0.01;0;0;0;0.01;r
0;1.9;0;20.6;48.7;0.5;14.4;0.3;13.6;0;0;i
0;0;0;0;0;0;0.01;0;0;0;0.01;r
0;0;0;0;0;0;0;0;0;0;0.01;r
0;14.3;0.4;84;0;1.3;0;0;0;0;0;g
0.3;15.9;1.3;78.7;0;0.1;0;0;0;3.7;0;g
0;0;0;0;0;0;0;0;0;0;0;r
0.3;14.4;1.8;81.6;0;1.9;0;0;0;0;0;g
0;0;0;0;0;0;0.01;0;0;0;0.02;r
0;13.5;1.4;84.7;0;0.4;0;0;0;0;0;g
0;2;0;3.2;45.4;0.1;31.8;8.1;9.4;0;0;i
0;0;0;0;0;0;0.02;0;0;0;0.01;r
0;7;0.5;92.1;0;0.4;0;0;0;0;0;g
0.1;4;2;92.4;0;1.5;0;0;0;0;0;g
0;0;0;0;0;0;0.01;0;0;0;0;r
0;1.1;0;31.6;52.2;0.2;3.4;6.4;5.1;0;0;i
0;0;0;0;0;0;0;0;0;0;0.01;r
0;0;0;0;4.3;0.3;0.3;0;95.1;0;0;d
0;0;0;0;1.3;0.4;0;2.5;95.8;0;0;d
0;0;0;0;0;0;0;0;0;0;0;r
0;0;3.2;0;1.3;0.5;0.4;1.2;93.4;0;0;d
0;0.06;0;1.43;89.4;0.5;7.9;0.51;0.2;0;0;i
0;0;0;0;0;0;0.01;0;0;0;0.02;r
0;0.13;0;1.73;81.28;0.62;6.3;0.14;9.8;0;0;i
0;0;0;0;0;0;0;0;0;0;0;r
0;1.3;0;23.4;45.1;0;11.6;4.6;14;0;0;i
0;0.03;0;0.2;66.26;0.08;25.9;0.23;7.3;0;0;i
0;0;0;0;0;0;0;0;0;0;0;r
0.1;10.6;1.8;84.5;0;3;0;0;0;0;0;g
0;0;0;0;0;0;0.02;0;0;0;0.01;r
0;0;0;0;4.3;0;0.8;0;94.9;0;0;d
0;0;0;0;0;0;0;0;0;0;0.01;r
0;0;0;0;0.6;0.2;0;0.26;98.94;0;0;d
0;0.9;0;26.3;47;0.2;8.7;3;13.9;0;0;i
0;0;0;0;0;0;0;0;0;0;0.01;r
0;0;0;0;0;0;0;0;0;0;0.01;r
0;0;0;0;0;0;0;0;0;0;0.01;r
0;14.6;1.5;79.45;0;0.85;0;0;0;3.6;0;g
0.2;9.1;2;85.45;0;0.65;0;0;0;2.6;0;g
0;0;0;0;4.7;0.5;0.6;0;94.2;0;0;d
0;0;0;0;0;0;0.01;0;0;0;0.01;r
0;0;0;0;0;0;0;0;0;0;0;r
0;0.06;0;0.74;81.47;0.27;2.5;0.06;14.9;0;0;i
0;0;0;0;0;0;0;0;0;0;0;r
0.1;17.6;1.4;78.35;0;0.85;0;0;0;1.7;0;g
0;0;0;0;0;0;0.01;0;0;0;0.01;r
0;0;0;0;0;0;0;0;0;0;0.02;r
0;0;0;0;0;0;0.01;0;0;0;0.01;r
0.1;4.2;0.2;93.1;0;0.8;0;0;0;1.6;0;g
0;0;0;0;3.2;0.4;1.3;0.3;94.8;0;0;d
0;0;0;0;1.9;0.5;0.9;0.06;96.64;0;0;d
0;0;0;0;0;0;0.01;0;0;0;0.01;r
0;9.6;0.4;87.85;0;0.85;0;0;0;1.3;0;g
0;0;0;0;2.2;0;0;0.02;58.668;0;0;d
0;0;0;0;0;0;0.01;0;0;0;0.01;r
0;0;0;0;0;0;0;0;0;0;0;r
0.1;11.9;0.1;86.4;0;1.5;0;0;0;0;0;g
0;0;0;0;0;0;0.01;0;0;0;0.01;r
0;0;0;0;1.8;0;0;0;98.2;0;0;d
0;0;0;0;0;0;0;0;0;0;0;r
0;0;0;0;0;0;0.02;0;0;0;0;r
0;0;0;0;4;0;0.8;0;95.2;0;0;d
0.2;11;1.9;83.55;0;0.55;0;0;0;2.8;0;g
0;0;0;0;2.2;0;0.4;0;97.4;0;0;d
0;0;0;0;0;0;0.01;0;0;0;0.01;r
0;0;0;0;0;0;0.02;0;0;0;0.01;r
0;0;0;0;0;0;0;0;0;0;0;r
0;0;0;0;0;0;0.02;0;0;0;0;r
0;5.6;1;91.8;0;1.1;0;0;0;0.5;0;g
0;0;0;0;0;0;0;0;0;0;0.01;r
0;0;0;0;0;0;0.01;0;0;0;0.02;r
0;0.01;0;0.05;60.81;0.02;27.6;0.01;11.5;0;0;i
0;0;0;0;0;0;0.01;0;0;0;0.02;r
0;0;0;0;0;0;0;0;0;0;0.02;r
0.2;17.7;0.1;79.9;0;2.1;0;0;0;0;0;g
0;14.1;1.1;80.85;0;1.05;0;0;0;2.9;0;g
0;0;0;0;1.8;0.5;0.7;0;97;0;0;d
0;0;0;0;4;0.2;0;0.13;95.67;0;0;d
0;0;0;0;0;0;0;0;0;0;0;r
0;0;0;0;1.7;0.2;0.4;0;97.7;0;0;d
0;0;0;0;0;0;0;0;0;0;0.01;r
0;11.5;1.7;86.4;0;0.4;0;0;0;0;0;g
0;0;0;0;0;0;0.01;0;0;0;0;r
0;0;0;0;0;0;0;0;0;0;0.02;r
0;0;0;0;0;0;0;0;0;0;0.02;r
0;0;0;0;0;0;0;0;0;0;0.02;r
0;0;0;0;0;0;0;0;0;0;0;r
0;0;3.1;0;0.3;0;0;1;95.6;0;0;d
0.3;15.6;1.4;82;0;0.7;0;0;0;0;0;g
0.1;20.9;1.9;75.6;0;1.5;0;0;0;0;0;g
0;0;0;0;0;0;0;0;0;0;0.02;r
0.1;20.1;1.3;77.9;0;0.2;0;0;0;0.4;0;g
0;0;0;0;0;0;0.02;0;0;0;0.02;r
0;21;0.7;77.1;0;1.2;0;0;0;0;0;g
0.3;11.9;1.7;83.4;0;2.7;0;0;0;0;0;g
0.2;11.2;1.5;85.75;0;0.65;0;0;0;0.7;0;g
0;0;0;0;0;0;0.02;0;0;0;0.01;r
0;0;0;0;0;0;0.01;0;0;0;0.01;r
0;0;0;0;2.2;0;0;0;97.8;0;0;d
0.1;4.5;0.1;93.3;0;2;0;0;0;0;0;g
0;0;0;0;0;0;0.02;0;0;0;0.01;r
0.1;15.1;2;78.85;0;0.55;0;0;0;3.4;0;g
0;17.8;0.5;80.2;0;1.5;0;0;0;0;0;g
0;0;0;0;0;0;0.01;0;0;0;0.01;r
0;0;0;0;0;0;0;0;0;0;0;r
0;0;0;0;0;0;0.01;0;0;0;0.01;r
0;0;0;0;0;0;0;0;0;0;0.01;r
0;0;0;0;0;0;0;0;0;0;0.01;r
0;0;0;0;0;0;0.01;0;0;0;0.01;r
0;8.2;0.4;87.45;0;1.35;0;0;0;2.6;0;g
0;0.16;0;5.26;73.9;0.3;8.7;0.48;11.2;0;0;i
0.3;5.1;0.2;92.8;0;1.6;0;0;0;0;0;g
0.2;6.2;1.9;89.6;0;2.1;0;0;0;0;0;g
0;0;0;0;0;0;0.01;0;0;0;0.01;r
0;0;0;0;0;0;0;0;0;0;0;r
0;0.6;0;21.1;42.4;0.2;13.9;4.4;17.4;0;0;i
0;0;0;0;0;0;0;0;0;0;0.01;r
0;0;0;0;0;0;0;0;0;0;0.01;r
0.2;7.7;1.2;87.65;0;1.05;0;0;0;2.2;0;g
0;11.8;1;83.65;0;1.35;0;0;0;2.2;0;g
0;0;0;0;0;0;0.01;0;0;0;0;r
0;22.3;1.5;74.8;0;1.4;0;0;0;0;0;g
0.1;4;1.5;93;0;1.4;0;0;0;0;0;g
0.3;11.5;1.9;86.1;0;0.2;0;0;0;0;0;g
0.1;4.6;0.2;94.7;0;0.4;0;0;0;0;0;g
0;0;0;0;0;0;0;0;0;0;0;r
0;0;0;0;0;0;0.01;0;0;0;0.01;r
0;0;0;0;1.8;0;0.6;0;97.6;0;0;d
0;8.9;1.3;89.5;0;0.3;0;0;0;0;0;g
0;0;0;0;0;0;0;0;0;0;0.01;r
0;0;0;0;4.5;0.1;0;0;95.4;0;0;d
0;0;0;0;0;0;0.01;0;0;0;0;r
0;0;0;0;0;0;0.02;0;0;0;0.01;r
0;0;0;0;2.6;0;0.6;0;96.8;0;0;d
0;0.5;0;12.6;53.3;0.1;22.4;9.9;1.2;0;0;i
0;0;0;0;0;0;0;0;0;0;0;r
0;0;0;0;0;0;0.01;0;0;0;0;r
0;8.9;1.2;87.15;0;0.15;0;0;0;2.6;0;g
0;12;1.4;83.2;0;0.6;0;0;0;2.8;0;g
0;1.4;0;29.5;40.2;0;5.5;8.7;14.7;0;0;i
0;0;0;0;0;0;0;0;0;0;0.02;r
0.3;4.5;0.2;91.85;0;0.25;0;0;0;2.9;0;g
0.3;5.1;1.8;90.9;0;1.9;0;0;0;0;0;g
0;0;0;0;1.4;0;0.7;0;97.9;0;0;d
0;1.4;0;0.3;48;0.1;34.7;9.6;5.9;0;0;i
0.1;16.6;0.3;81.1;0;1.9;0;0;0;0;0;g
0;0.08;0;0.58;66.4;0.22;25.4;0.62;6.7;0;0;i
0;0;0;0;0;0;0;0;0;0;0;r
0;0;0;0;0;0;0.02;0;0;0;0.01;r
0;0;0;0;0;0;0.01;0;0;0;0.01;r
0;0;0;0;0;0;0;0;0;0;0.01;r
0;0;0;0;0;0;0;0;0;0;0.01;r
0.1;6.6;1.6;90.3;0;1;0;0;0;0.4;0;g
0;0;0;0;0;0;0;0;0;0;0.01;r
0;0.04;0;0.74;86.8;0.26;1.9;0.06;10.2;0;0;i
0.1;11.5;0.5;87.2;0;0.7;0;0;0;0;0;g
0.2;13.4;0.8;84.8;0;0.8;0;0;0;0;0;g
0;0;0;0;0;0;0.01;0;0;0;0;r
0;0;0;0;0;0;0.01;0;0;0;0;r
0;0;0;0;0;0;0.02;0;0;0;0.02;r
0.2;21.3;1.1;76;0;1.4;0;0;0;0;0;g
0.3;12.3;0.3;82.7;0;0.4;0;0;0;4;0;g
0;0;0;0;0;0;0;0;0;0;0.02;r
0;0;0;0;0;0;0.01;0;0;0;0.01;r
0;0;0;0;0;0;0;0;0;0;0.01;r
0;0;0;0;0;0;0.01;0;0;0;0.02;r
0;11.7;0.6;85.25;0;1.35;0;0;0;1.1;0;g
0;0;0;0;0;0;0;0;0;0;0;r
0;0;0;0;0;0;0.02;0;0;0;0.02;r
0;17;2;79.5;0;1.5;0;0;0;0;0;g
0;0.04;0;0.08;56.44;0.04;33.7;0.3;9.4;0;0;i
0.1;11.6;0.3;87.8;0;0.2;0;0;0;0;0;g
0;11.4;1.6;82.8;0;0.7;0;0;0;3.5;0;g
0;1.2;0;12.6;42.3;0.1;22.4;1.9;19.5;0;0;i
0;0;0;0;0;0;0;0;0;0;0.01;r
0;0;0;0;4.4;0.3;0;0;95.3;0;0;d
0;0;0;0;0;0;0;0;0;0;0;r
0;0;0;0;3.4;0.4;1.4;0;56.88;0;0;d
0;0;0;0;0;0;0.01;0;0;0;0;r
0;0;0;0;0;0;0;0;0;0;0.01;r
0;0;0;0;0;0;0;0;0;0;0.01;r
0.1;4.6;1.1;93.15;0;0.15;0;0;0;0.9;0;g
0;0;0;0;0;0;0;0;0;0;0.02;r
0;0;0;0;4.7;0;1.1;1.12;93.08;0;0;d
0.3;10.8;1;85;0;2.9;0;0;0;0;0;g
0;21.3;0.4;77.1;0;1.2;0;0;0;0;0;g
0;0;0;0;0;0;0.01;0;0;0;0;r
0.2;12.1;0.8;83.8;0;1.5;0;0;0;1.6;0;g
0;0;0;0;4.6;0.1;0.3;0.86;94.14;0;0;d
0.1;5.9;1;91.9;0;1.1;0;0;0;0;0;g
0;0;0;0;0.6;0.1;0.2;0;99.1;0;0;d
0;0.14;0;1.15;78.93;0.43;13.2;0.25;5.9;0;0;i
0;0;0;0;0;0;0;0;0;0;0;r
0.2;21.4;0.5;76.2;0;1.7;0;0;0;0;0;g
0;0;0;0;1.9;0.5;0;0;97.6;0;0;d
0;0.07;0;0.47;63.1;0.18;22.7;0.38;13.1;0;0;i
0;0;0;0;0;0;0.01;0;0;0;0.02;r
0.3;14.1;0.5;84.4;0;0.7;0;0;0;0;0;g
0;0;0;0;2.5;0.3;1.4;1.5;94.3;0;0;d
0;0;0;0;0;0;0;0;0;0;0.01;r
0.1;18.8;0.5;78.7;0;1.9;0;0;0;0;0;g
0;0;0;0;3.8;0;0;0;96.2;0;0;d
0;0;0;0;0;0;0.02;0;0;0;0.01;r
0;0;0;0;0;0;0;0;0;0;0.01;r
0;0;0;0;0;0;0.01;0;0;0;0;r
0;0;0;0;4.1;0;0;0;95.9;0;0;d
0.3;9.6;0.1;88.8;0;1.2;0;0;0;0;0;g
0;0;0;0;4.9;0.4;0.9;0;93.8;0;0;d
0;0;0;0;0;0;0.02;0;0;0;0.01;r
0;0;0;0;0;0;0;0;0;0;0.01;r
0.1;13.2;0.8;82.55;0;1.05;0;0;0;2.3;0;g
0.3;4.5;0.8;91.3;0;0.6;0;0;0;2.5;0;g
0;1.7;0;27.2;48.9;0.2;7.8;9.2;5;0;0;i
0;0;0;0;0;0;0.02;0;0;0;0.02;r
0;0;0;0;0;0;0;0;0;0;0.01;r
0;0;0;0;0;0;0.02;0;0;0;0.02;r
0;0.28;0;4.73;66.36;0.2;16.1;2.03;10.3;0;0;i
0;0;0.6;0;0.8;0;0;0;98.6;0;0;d
0;15.2;0.8;83.15;0;0.75;0;0;0;0.1;0;g
0;0;0;0;2.6;0;0;2;95.4;0;0;d
0;0;0;0;0;0;0.01;0;0;0;0.02;r
0.1;13.5;1.8;84;0;0.6;0;0;0;0;0;g
0;0;0;0;0;0;0.02;0;0;0;0.01;r
0;0;0;0;0;0;0;0;0;0;0;r
0;0;0;0;0;0;0.01;0;0;0;0;r
0;1.8;0;2.4;54.8;0.5;32.6;3.4;4.5;0;0;i
0;0;0;0;0;0;0;0;0;0;0.01;r
0;0;0;0;0;0;0.01;0;0;0;0.01;r
0;0;0;0;1.2;0;0.5;3;95.3;0;0;d
0;0;0;0;0;0;0.01;0;0;0;0.01;r
0;12.1;1;85.15;0;0.55;0;0;0;1.2;0;g
0;0.14;0;0.74;67.3;0.29;24;0.13;7.4;0;0;i
0;0;0;0;3.9;0.4;0.9;1.06;93.74;0;0;d
0.1;5.6;1.9;89;0;0.3;0;0;0;3.1;0;g
0;0.07;0;0.65;77.74;0.24;13.3;0.1;7.9;0;0;i
0;0;0;0;0;0;0;0;0;0;0.01;r
0;0;0;0;0;0;0;0;0;0;0.02;r
0;0.55;0;3.05;55.77;0.1;24.5;2.73;13.3;0;0;i
0;0;0;0;0;0;0;0;0;0;0;r
0;0;0;0;4.1;0.2;0;1.34;94.36;0;0;d
0.1;4.7;1.2;90.4;0;0.2;0;0;0;3.4;0;g
0;0;0;0;0;0;0.01;0;0;0;0.01;r
0;0;0;0;0;0;0;0;0;0;0;r
0;0;0;0;0;0;0.01;0;0;0;0;r
0.1;9.1;1.1;89.6;0;0.1;0;0;0;0;0;g
0;0;0;0;0;0;0;0;0;0;0;r
0;0;0;0;0;0;0;0;0;0;0.01;r
0;0;0;0;0;0;0.01;0;0;0;0.01;r
0;0;0;0;0;0;0;0;0;0;0.02;r
0.1;17.6;1.7;77.9;0;2.7;0;0;0;0;0;g
0;0.11;0;1.51;79.92;0.54;6.3;0.42;11.2;0;0;i
0.2;5.1;1;89.7;0;1.2;0;0;0;2.8;0;g
0;0.03;0;1.02;81.49;0.35;12.3;0.31;4.5;0;0;i
0;0;0;0;0;0;0;0;0;0;0.01;r
0;13.1;0.5;85.4;0;1;0;0;0;0;0;g
0;0;0;0;0;0;0.01;0;0;0;0;r
0;0;0;0;0;0;0.01;0;0;0;0.02;r
0;0;0;0;0;0;0;0;0;0;0.01;r
0;0;0;0;0;0;0;0;0;0;0.01;r
0.2;15.1;0.7;81.6;0;2.4;0;0;0;0;0;g
0;0;0;0;0;0;0.01;0;0;0;0;r
0.3;4.4;1.2;93.45;0;0.45;0;0;0;0.2;0;g
0;0;0;0;0;0;0.01;0;0;0;0.02;r
0.1;12.6;0.5;83.5;0;0.1;0;0;0;3.2;0;g
0;0;0;0;0;0;0;0;0;0;0;r
0;6.9;0.3;91.35;0;0.25;0;0;0;1.2;0;g
0;0;0;0;0;0;0.01;0;0;0;0.02;r
0;0;0;0;0;0;0;0;0;0;0.02;r
0;0;0;0;0;0;0;0;0;0;0.02;r
0;0.6;0;14.3;59.7;0.1;20.7;1;3.6;0;0;i
0;19.6;0.9;78.2;0;1.3;0;0;0;0;0;g
0;0;0;0;0;0;0;0;0;0;0;r
0;0;0;0;0;0;0;0;0;0;0.02;r
0;1.9;0;1.8;46.5;0.5;33.2;8.9;7.2;0;0;i
0;9.7;0.9;86.05;0;0.45;0;0;0;2.9;0;g
0.3;20.9;0.3;77.4;0;1.1;0;0;0;0;0;g
0;0;0;0;0;0;0.01;0;0;0;0.01;r
0;0;0;0;0;0;0.02;0;0;0;0.02;r
0;0;0;0;2;0.5;0.9;0;96.6;0;0;d
0;0;0;0;1.3;0.3;1.2;0.1;97.1;0;0;d
0;0;0;0;0;0;0;0;0;0;0.01;r
0;0;0;0;2.1;0.4;1.1;0;96.4;0;0;d
0;2.7;0;1.4;36.5;0;33.6;8.8;17;0;0;i
0;0;0;0;1.7;0.3;0;1.64;96.36;0;0;d
0;0;0;0;0;0;0;0;0;0;0;r
0;0;0;0;0;0;0;0;0;0;0.01;r
0.3;14.2;1.7;83.2;0;0.6;0;0;0;0;0;g
0;0.06;0;0.08;48.59;0.05;31.6;0.12;19.5;0;0;i
0.2;12.9;1.7;84.9;0;0.3;0;0;0;0;0;g
0.82;0.32;0;4.93;49.39;0.1;25.7;1.54;17.2;0;0;i
0;2.4;0;21.6;46.3;0.4;13.4;3.5;12.4;0;0;i
0;0;0;0;0;0;0.01;0;0;0;0.01;r
0;0;0;0;0;0;0.02;0;0;0;0.02;r
0;0;0;0;4.2;0.2;1.5;0;94.1;0;0;d
0;0;0;0;0;0;0;0;0;0;0.01;r
0.2;5.3;0.2;92.05;0;0.55;0;0;0;1.7;0;g
0;0.29;0;1.24;65.81;0.4;22.6;0.16;9.5;0;0;i
0;13.5;0.2;84.3;0;2;0;0;0;0;0;g
0;9.4;1;86.05;0;0.25;0;0;0;3.3;0;g
0;20.2;0.2;78;0;1.6;0;0;0;0;0;g
0.3;5.5;0.8;90.8;0;2.6;0;0;0;0;0;g
0;19.2;1.2;77.5;0;2.1;0;0;0;0;0;g
0;0;0;0;0;0;0;0;0;0;0.01;r
0;0;0;0;0;0;0;0;0;0;0;r
0.3;11.9;1.6;84.3;0;1.9;0;0;0;0;0;g
0;0;0;0;4.2;0.2;0;2.47;93.13;0;0;d
0;0;0;0;0;0;0.02;0;0;0;0.01;r
0;0;0;0;0;0;0.02;0;0;0;0;r
0;0;0;0;0;0;0;0;0;0;0.01;r
0;0;0;0;0;0;0.02;0;0;0;0;r
0;0;0;0;0;0;0;0;0;0;0.02;r
0;0;0;0;4;0;1.5;0;94.5;0;0;d
0.2;6.7;1.4;87.85;0;0.05;0;0;0;3.8;0;g
0.1;8.5;0.8;89.15;0;0.25;0;0;0;1.2;0;g
0;0;0;0;4.2;0.4;0;1.4;94;0;0;d
0;0;0;0;0;0;0.02;0;0;0;0.02;r
0;0;0;0;0;0;0;0;0;0;0.01;r
0;11.5;1.3;85.3;0;0.3;0;0;0;1.6;0;g
0;0;0;0;0;0;0.02;0;0;0;0.02;r
0.2;4.8;0.4;91.5;0;1.4;0;0;0;1.7;0;g
0;0;0;0;0.6;0.2;0;0.17;99.03;0;0;d
0;0;0;0;0;0;0;0;0;0;0;r
0;0;0;0;0;0;0;0;0;0;0;r
0;0.03;0;0.62;76.15;0.22;18.7;0.48;3.8;0;0;i
0;0;0;0;0;0;0.01;0;0;0;0.01;r
0;21.5;1.1;76.6;0;0.8;0;0;0;0;0;g
0;0;0;0;0;0;0;0;0;0;0.02;r
0;0;0;0;2.8;0;0.5;2.9;93.8;0;0;d
0.3;10.9;1.7;82.5;0;1.1;0;0;0;3.5;0;g
0;0;0;0;0;0;0.02;0;0;0;0.01;r
0.2;12;0.4;86.8;0;0.6;0;0;0;0;0;g
0;10.1;1.3;84.1;0;0.5;0;0;0;4;0;g
0;0;0;0;0;0;0;0;0;0;0.01;r
0;0.19;0;0.92;75.27;0.37;21.5;0.85;0.9;0;0;i
0.3;11.7;0.1;86.95;0;0.25;0;0;0;0.7;0;g
0.1;11.6;0.3;87.1;0;0.5;0;0;0;0.4;0;g
0.1;18.9;1.2;79.4;0;0.4;0;0;0;0;0;g
0;0;0;0;0;0;0;0;0;0;0.01;r
0;0;0;0;0;0;0;0;0;0;0.02;r
0;0;0;0;0;0;0;0;0;0;0;r
0;0;0;0;0;0;0;0;0;0;0.01;r
0;0;0;0;0;0;0.02;0;0;0;0.01;r
0;6.6;0.2;91.1;0;1.2;0;0;0;0.9;0;g
0;0;0;0;0;0;0.02;0;0;0;0.01;r
0;0;0;0;1.8;0.4;0;0;97.8;0;0;d
0.1;15;0.3;83.3;0;1.3;0;0;0;0;0;g
0;0;0;0;0;0;0;0;0;0;0.02;r
0;0;0;0;0;0;0.01;0;0;0;0;r
0;0;0;0;3.3;0.1;0.4;1;95.2;0;0;d
0;0;0;0;0;0;0.01;0;0;0;0.02;r
0;0.01;0;0.17;85.35;0.06;12.9;0.01;1.5;0;0;i
0;2;0;22.4;49.9;0;12.6;9;4.1;0;0;i
0;0;0;0;0;0;0;0;0;0;0.01;r
0;0;0;0;0;0;0;0;0;0;0;r
0;0.22;0;7.8;77.77;0.5;6.1;2.21;5.4;0;0;i
0;0;0;0;0;0;0.02;0;0;0;0.01;r
0;0;0;0;0;0;0;0;0;0;0;r
0;0;0;0;2.9;0;0;0;97.1;0;0;d
0;11;0.5;86.7;0;0.8;0;0;0;1;0;g
0;0;0;0;0;0;0;0;0;0;0.01;r
0;0;0;0;0;0;0;0;0;0;0.01;r
0;0;0;0;0;0;0.01;0;0;0;0;r
0;0;0;0;0;0;0.01;0;0;0;0.02;r
0;0;0;0;0;0;0;0;0;0;0;r
0.1;8.3;1.9;88;0;1.7;0;0;0;0;0;g
0;0.02;0;0.74;82.5;0.25;15.5;0.19;0.8;0;0;i
0;0;0;0;0;0;0;0;0;0;0;r
0.1;8.1;1.6;86.6;0;0.1;0;0;0;3.5;0;g
0;0;0;0;0;0;0.01;0;0;0;0.01;r
0.2;8.5;0.9;87.95;0;1.15;0;0;0;1.3;0;g
0;0;0;0;0;0;0;0;0;0;0;r
0;2.7;0;34.5;36.4;0.4;0.5;7.6;17.9;0;0;i
0;0;0;0;0;0;0;0;0;0;0.01;r
0.2;18.6;1.4;78.8;0;1;0;0;0;0;0;g
0;1;0;18.4;43.7;0.5;16.6;4.3;15.5;0;0;i
0;0;0;0;5;0;0;0;95;0;0;d
0;0;0;0;0;0;0;0;0;0;0.01;r
0;12.4;1.6;83.9;0;2.1;0;0;0;0;0;g
0;7.9;1.6;88.45;0;0.35;0;0;0;1.7;0;g
0;0;0;0;4.2;0.3;0.1;0.1;95.3;0;0;d
0.2;5.6;0.3;93.6;0;0.3;0;0;0;0;0;g
0;1.5;0;30;54.3;0.5;5;4.9;3.8;0;0;i
0;0;0;0;0;0;0.02;0;0;0;0.02;r
0;0.03;0;0.51;65.28;0.18;26.5;0.6;6.9;0;0;i
0;0;0;0;0;0;0.01;0;0;0;0;r
0;0;0;0;0;0;0;0;0;0;0.02;r
0;0.15;0;0.89;68.85;0.35;20.2;0.06;9.5;0;0;i
0;0;0;0;0;0;0;0;0;0;0.01;r
0;0.05;0;0.28;72.16;0.11;22.7;0.3;4.4;0;0;i
0;2.6;0;34;48.3;0;1;3.9;10.2;0;0;i
0;0;0;0;0;0;0;0;0;0;0;r
0;0;0;0;0;0;0.02;0;0;0;0.01;r
0;6.2;0.3;92.55;0;0.05;0;0;0;0.9;0;g
0;0;0;0;0;0;0;0;0;0;0.02;r
0;0;0;0;0;0;0.02;0;0;0;0;r
0;0;0;0;0;0;0.01;0;0;0;0.02;r
0.3;5.6;1.6;91.4;0;1.1;0;0;0;0;0;g
0;0;0;0;0;0;0.02;0;0;0;0;r
0;0;0;0;0;0;0.02;0;0;0;0.01;r
0;0;0;0;0;0;0;0;0;0;0.02;r
0;0;0;0;0;0;0;0;0;0;0;r
0;0;0;0;2.6;0;1.3;0;96.1;0;0;d
0.3;12.6;0.2;85.55;0;0.55;0;0;0;0.8;0;g
0;0;0;0;5;0.2;1.5;2.1;91.2;0;0;d
0;0;0;0;5;0.3;0;0;94.7;0;0;d
0.3;9.1;0.4;87.15;0;0.95;0;0;0;2.1;0;g
0;0;0;0;0;0;0.01;0;0;0;0.01;r
0.1;14.8;1.8;78.65;0;0.85;0;0;0;3.8;0;g
0;0;0;0;0;0;0;0;0;0;0;r
0;2;0;26.6;56.9;0.2;8.4;1.5;4.4;0;0;i
0.3;11;0.7;87.15;0;0.35;0;0;0;0.5;0;g
0;0;0;0;3.2;0;0;0;96.8;0;0;d
0;0;0;0;0;0;0.02;0;0;0;0.02;r
0;4.2;0.4;92.05;0;0.65;0;0;0;2.7;0;g
0.1;10.9;1.3;85.5;0;2.2;0;0;0;0;0;g
0;0;2.7;0;3.4;0;0;1.5;92.4;0;0;d
0;4.6;0.1;92.7;0;0.6;0;0;0;2;0;g
0;0;0;0;0;0;0;0;0;0;0.01;r
0;0;0;0;0;0;0;0;0;0;0.01;r
0;0;0;0;3;0;0;0.67;96.33;0;0;d
0;11.5;1.1;83.45;0;0.45;0;0;0;3.5;0;g
0;0;0;0;0;0;0;0;0;0;0.01;r
0.3;14.8;1.8;80.8;0;2.3;0;0;0;0;0;g
0;2.6;0;10.7;47.9;0.5;24.3;3.6;10.4;0;0;i
0;0;0;0;0;0;0;0;0;0;0.01;r
0;0;0;0;0;0;0;0;0;0;0.01;r
0;0;0;0;0;0;0;0;0;0;0;r
0;0.33;0;1.21;49.14;0.3;29.5;0.62;18.9;0;0;i
0;0;0;0;0;0;0.01;0;0;0;0;r
0.1;13.7;0.4;81.25;0;1.15;0;0;0;3.4;0;g
0;0;0;0;0;0;0.01;0;0;0;0;r
0;0;0;0;0;0;0;0;0;0;0.01;r
0;0;0;0;0;0;0.02;0;0;0;0.01;r
0;0;0;0;3.3;0;1.5;3;92.2;0;0;d
0.2;9.2;1.6;88;0;1;0;0;0;0;0;g
0;0.09;0;1.16;75.68;0.42;4.2;0.35;18.1;0;0;i
0;0;0;0;0;0;0;0;0;0;0.01;r
0;0;0;0;0;0;0;0;0;0;0.02;r
0;0;0;0;0;0;0.02;0;0;0;0.02;r
0;0;0;0;0;0;0;0;0;0;0;r
0.1;9;1.9;87.8;0;1.2;0;0;0;0;0;g
0;0;0;0;5;0;0;0.5;94.5;0;0;d
0;0;0;0;0;0;0;0;0;0;0.01;r
0;0;0;0;0;0;0.01;0;0;0;0;r
0;0;0;0;0;0;0.01;0;0;0;0;r
0.2;9.8;0.2;88.05;0;0.35;0;0;0;1.4;0;g
0;0;2.9;0;0.7;0;0;0;96.4;0;0;d
0;0;0;0;0;0;0;0;0;0;0;r
0;0;0;0;0;0;0.02;0;0;0;0.01;r
0;0.05;0;0.77;81.72;0.28;0.8;0.28;16.1;0;0;i
0;0.09;0;0.48;63.22;0.19;25.9;0.22;9.9;0;0;i
0;0;0;0;0;0;0;0;0;0;0.01;r
0;0;0;0;0;0;0.01;0;0;0;0.02;r
0;0;0;0;0;0;0;0;0;0;0.01;r
0;0;0;0;0;0;0.02;0;0;0;0.01;r
0;11.2;1.3;85.3;0;2.2;0;0;0;0;0;g
0;0;0;0;0;0;0;0;0;0;0.02;r
0;0;0;0;0;0;0;0;0;0;0;r
0;0.11;0;0.95;74.51;0.35;19.2;0.68;4.2;0;0;i
0;0;0;0;0;0;0;0;0;0;0;r
0;0;0;0;0;0;0.01;0;0;0;0.01;r
0;0;0;0;4.9;0.4;0.2;1.9;92.6;0;0;d
0;0;0;0;0;0;0;0;0;0;0.02;r
0;0;0;0;0;0;0;0;0;0;0.01;r
0.1;5.6;1.6;91.3;0;1.4;0;0;0;0;0;g
0;0.05;0;1.52;68.11;0.52;12.5;0.9;16.4;0;0;i
0;0;0;0;55.7;0;30.9;0;13.4;0;0;i
0;0;0;0;1.1;0;0.3;0;98.6;0;0;d
0;0.9;0;3.3;44.8;0.1;31.7;2.1;17.1;0;0;i
0;0;0;0;0;0;0;0;0;0;0.01;r
0;11.1;0.5;86.05;0;0.55;0;0;0;1.8;0;g
0;0.05;0;1.16;91.15;0.4;4.2;0.24;2.8;0;0;i
0;16.7;0.9;81;0;1.4;0;0;0;0;0;g
0;2.8;0;1.7;34.5;0.1;33.3;8.3;19.3;0;0;i
0;0;0;0;0.7;0.2;1.5;0;97.6;0;0;d
0;0;0;0;0;0;0.01;0;0;0;0.01;r
0;0;0;0;0;0;0.01;0;0;0;0.01;r
0;0;0;0;0;0;0.02;0;0;0;0.01;r
0;0;0;0;4.8;0;1.1;0.28;93.82;0;0;d
0.2;22.2;0.5;76.4;0;0.7;0;0;0;0;0;g
0;0;0;0;0.2;0;0.3;0;99.5;0;0;d
0.1;7.3;1.7;87.2;0;0.2;0;0;0;3.5;0;g
0;0.9;0;5.6;45.7;0.2;29.4;1;17.2;0;0;i
0;10.6;0.7;87.2;0;0.8;0;0;0;0.7;0;g
0.2;18.5;0.4;79.8;0;1.1;0;0;0;0;0;g
0;0;0;0;0;0;0.02;0;0;0;0;r
0.2;14.5;1.5;82.7;0;1.1;0;0;0;0;0;g
0;0;0;0;0;0;0;0;0;0;0;r
0;0;0;0;0;0;0.02;0;0;0;0;r
0;2.8;0;25.1;49.5;0.4;9.9;10;2.3;0;0;i
0.3;7;0.2;91.3;0;1.2;0;0;0;0;0;g
0;1.5;0;7.9;43.5;0.2;27.1;3.8;16;0;0;i
0;0.04;0;0.38;86.15;0.14;9.4;0.19;3.7;0;0;i
0;0;0;0;0;0;0;0;0;0;0.02;r
0;0.08;0;0.08;64.9;0.06;33.8;0.68;0.4;0;0;i
0;0;0;0;0;0;0;0;0;0;0.02;r
0;0;0;0;0;0;0;0;0;0;0;r
0.1;17.5;0.5;81.1;0;0.8;0;0;0;0;0;g
0;0;0;0;0;0;0.01;0;0;0;0.01;r
0;0;0;0;0;0;0;0;0;0;0;r
0;7.9;1.5;85.55;0;1.05;0;0;0;4;0;g
0;13.7;0.5;83.05;0;0.05;0;0;0;2.7;0;g
0.3;12.8;1.2;84;0;0.7;0;0;0;1;0;g
0.2;6.7;1.5;88.1;0;1;0;0;0;2.5;0;g
0.1;16.6;0.7;79.1;0;0.8;0;0;0;2.7;0;g
0;0;0;0;1.4;0.1;0;2.4;96.1;0;0;d
0;0;0;0;4.4;0.3;0;0;95.3;0;0;d
0.3;20.1;0.1;77.7;0;1.8;0;0;0;0;0;g
0;0;0;0;3.8;0.1;0;0;96.1;0;0;d
0.3;6.5;1.5;91.2;0;0.5;0;0;0;0;0;g
0;0;0;0;0;0;0;0;0;0;0.01;r
0;0;0;0;0;0;0.02;0;0;0;0;r
0;0;0;0;0;0;0;0;0;0;0.01;r
0;0;0;0;0;0;0.02;0;0;0;0.01;r
0.1;4.1;0.3;94;0;1.5;0;0;0;0;0;g
0;0;0;0;1.1;0.1;0;2.6;96.2;0;0;d
0;0;0;0;0;0;0;0;0;0;0.01;r
0;0;0;0;0;0;0.01;0;0;0;0.01;r
0.3;16.7;1.3;79.8;0;0.1;0;0;0;1.8;0;g
0;0;0;0;4.3;0.1;0.9;0.19;94.51;0;0;d
0;0;3.5;0;5;0;0;1.6;89.9;0;0;d
0;0;0;0;3.8;0.5;0.1;1.01;94.59;0;0;d
4;0;1.4;0;11.7;0;2.5;0;30.6;49.76;0.04;l
0;0;0;0;0;0;0;0;0;0;0;r
0;1.6;0;21.9;55;0.3;13.1;6.5;1.6;0;0;i
0;0;0;0;0.5;0.2;0;0;99.3;0;0;d
